Year,Series,Age,Sex,Type of Occupation,Court Level,Value
2021,1. Proportion of positions in parliament compared to national distributions,<=45Y,Both Sexes,,,1.02
2021,1. Proportion of positions in parliament compared to national distributions,Total,Females,,,0.27
2022,1. Proportion of positions in parliament compared to national distributions,<=45Y,Both Sexes,,,1.02
2022,1. Proportion of positions in parliament compared to national distributions,Total,Females,,,0.27
2023,1. Proportion of positions in parliament compared to national distributions,<=45Y,Both Sexes,,,1.0
2023,1. Proportion of positions in parliament compared to national distributions,Total,Females,,,0.58
2022,2. Proportion of positions in the public service compared to national distributions,Total,Females,Managers,,0.98
2022,2. Proportion of positions in the public service compared to national distributions,Total,Females,Professionals,,1.38
2022,2. Proportion of positions in the public service compared to national distributions,Total,Females,Technicians and Associate Professionals,,1.07
2022,2. Proportion of positions in the public service compared to national distributions,Total,Females,Clerical Support Workers,,1.42
2022,2. Proportion of positions in the public service compared to national distributions,Total,Females,"Total national-level public service personnel (including police, education, health, front-desk administrative and all other public service personnel)",,1.11
2023,2. Proportion of positions in the public service compared to national distributions,Total,Females,Managers,,0.98
2023,2. Proportion of positions in the public service compared to national distributions,Total,Females,Professionals,,1.38
2023,2. Proportion of positions in the public service compared to national distributions,Total,Females,Technicians and Associate Professionals,,1.08
2023,2. Proportion of positions in the public service compared to national distributions,Total,Females,Clerical Support Workers,,1.44
2023,2. Proportion of positions in the public service compared to national distributions,Total,Females,"Total national-level public service personnel (including police, education, health, front-desk administrative and all other public service personnel)",,1.12
2024,2. Proportion of positions in the public service compared to national distributions,Total,Females,Managers,,0.99
2024,2. Proportion of positions in the public service compared to national distributions,Total,Females,Professionals,,1.39
2024,2. Proportion of positions in the public service compared to national distributions,Total,Females,Technicians and Associate Professionals,,1.1
2024,2. Proportion of positions in the public service compared to national distributions,Total,Females,Clerical Support Workers,,1.45
2024,2. Proportion of positions in the public service compared to national distributions,Total,Females,"Total national-level public service personnel (including police, education, health, front-desk administrative and all other public service personnel)",,1.13
2020,3. Proportion of positions in the judiciary compared to national distributions,<45Y,Both Sexes,,Constitutional Courts,0.0
2020,3. Proportion of positions in the judiciary compared to national distributions,<45Y,Both Sexes,,Higher Courts,0.0
2020,3. Proportion of positions in the judiciary compared to national distributions,<45Y,Both Sexes,,Lower Courts,0.38
2020,3. Proportion of positions in the judiciary compared to national distributions,<45Y,Both Sexes,,Total,0.29
2020,3. Proportion of positions in the judiciary compared to national distributions,Total,Females,,Constitutional Courts,0.0
2020,3. Proportion of positions in the judiciary compared to national distributions,Total,Females,,Higher Courts,0.57
2020,3. Proportion of positions in the judiciary compared to national distributions,Total,Females,,Lower Courts,1.38
2020,3. Proportion of positions in the judiciary compared to national distributions,Total,Females,,Total,1.14
2021,3. Proportion of positions in the judiciary compared to national distributions,<45Y,Both Sexes,,Constitutional Courts,0.0
2021,3. Proportion of positions in the judiciary compared to national distributions,<45Y,Both Sexes,,Higher Courts,0.08
2021,3. Proportion of positions in the judiciary compared to national distributions,<45Y,Both Sexes,,Lower Courts,0.42
2021,3. Proportion of positions in the judiciary compared to national distributions,<45Y,Both Sexes,,Total,0.24
2021,3. Proportion of positions in the judiciary compared to national distributions,Total,Females,,Constitutional Courts,0.0
2021,3. Proportion of positions in the judiciary compared to national distributions,Total,Females,,Higher Courts,0.84
2021,3. Proportion of positions in the judiciary compared to national distributions,Total,Females,,Lower Courts,1.57
2021,3. Proportion of positions in the judiciary compared to national distributions,Total,Females,,Total,1.11
2022,3. Proportion of positions in the judiciary compared to national distributions,<45Y,Both Sexes,,Constitutional Courts,0.0
2022,3. Proportion of positions in the judiciary compared to national distributions,<45Y,Both Sexes,,Higher Courts,0.08
2022,3. Proportion of positions in the judiciary compared to national distributions,<45Y,Both Sexes,,Lower Courts,0.46
2022,3. Proportion of positions in the judiciary compared to national distributions,<45Y,Both Sexes,,Total,0.24
2022,3. Proportion of positions in the judiciary compared to national distributions,Total,Females,,Constitutional Courts,0.0
2022,3. Proportion of positions in the judiciary compared to national distributions,Total,Females,,Higher Courts,0.95
2022,3. Proportion of positions in the judiciary compared to national distributions,Total,Females,,Lower Courts,1.52
2022,3. Proportion of positions in the judiciary compared to national distributions,Total,Females,,Total,1.11
2023,3. Proportion of positions in the judiciary compared to national distributions,<45Y,Both Sexes,,Constitutional Courts,0.0
2023,3. Proportion of positions in the judiciary compared to national distributions,<45Y,Both Sexes,,Higher Courts,0.16
2023,3. Proportion of positions in the judiciary compared to national distributions,<45Y,Both Sexes,,Lower Courts,0.6
2023,3. Proportion of positions in the judiciary compared to national distributions,<45Y,Both Sexes,,Total,0.34
2023,3. Proportion of positions in the judiciary compared to national distributions,Total,Females,,Constitutional Courts,0.25
2023,3. Proportion of positions in the judiciary compared to national distributions,Total,Females,,Higher Courts,1.0
2023,3. Proportion of positions in the judiciary compared to national distributions,Total,Females,,Lower Courts,1.42
2023,3. Proportion of positions in the judiciary compared to national distributions,Total,Females,,Total,1.08
