Year,Sex,Value
2014,Both Sexes,0.82
2015,Both Sexes,1.56
2016,Both Sexes,1.06
2017,Both Sexes,1.84
2018,Both Sexes,0.97
2019,Both Sexes,0.37
2020,Both Sexes,1.22
2021,Both Sexes,2.05
2022,Both Sexes,3.21
2023,Both Sexes,3.57
2014,Females,0.0
2015,Females,0.41
2016,Females,0.0
2017,Females,0.0
2018,Females,0.52
2019,Females,0.0
2020,Females,0.46
2021,Females,0.83
2022,Females,2.14
2023,Females,1.38
2014,Males,1.59
2015,Males,2.63
2016,Males,2.04
2017,Males,3.62
2018,Males,1.37
2019,Males,0.7
2020,Males,1.85
2021,Males,3.17
2022,Males,4.1
2023,Males,5.53
