Year,Activity,Sex,Value
2010,All Activities,Female,11.31
2010,"Agriculture, forestry and fishing",Female,78.0
2010,"Agriculture, forestry and fishing",Male,74.18
2010,Non-agriculture,Male,17.79
2010,Non-agriculture,All Sexes,15.32
2010,All Activities,Male,19.36
2010,Non-agriculture,Female,10.87
2010,All Activities,All Sexes,16.53
2010,"Agriculture, forestry and fishing",All Sexes,74.62
2011,All Activities,All Sexes,13.54
2011,Non-agriculture,All Sexes,13.55
2011,All Activities,Male,16.68
2011,Non-agriculture,Male,16.74
2011,All Activities,Female,7.92
2011,Non-agriculture,Female,7.8
2012,All Activities,All Sexes,12.02
2012,"Agriculture, forestry and fishing",All Sexes,73.79
2012,Non-agriculture,All Sexes,11.14
2012,Non-agriculture,Male,12.88
2012,All Activities,Female,8.32
2012,All Activities,Male,14.17
2012,Non-agriculture,Female,8.18
2012,"Agriculture, forestry and fishing",Male,80.9
2013,Non-agriculture,Female,6.09
2013,All Activities,All Sexes,11.0
2013,All Activities,Male,13.93
2013,"Agriculture, forestry and fishing",Male,65.55
2013,Non-agriculture,All Sexes,10.36
2013,"Agriculture, forestry and fishing",All Sexes,59.31
2013,Non-agriculture,Male,12.96
2013,All Activities,Female,6.11
2014,All Activities,All Sexes,10.47
2014,Non-agriculture,All Sexes,10.47
2014,All Activities,Male,13.3
2014,Non-agriculture,Female,5.94
2014,All Activities,Female,5.94
2014,Non-agriculture,Male,13.3
2015,"Agriculture, forestry and fishing",All Sexes,46.29
2015,Non-agriculture,All Sexes,9.79
2015,Non-agriculture,Male,12.75
2015,All Activities,Male,13.04
2015,"Agriculture, forestry and fishing",Male,47.43
2015,All Activities,Female,5.25
2015,Non-agriculture,Female,5.25
2015,All Activities,All Sexes,9.98
2016,All Activities,All Sexes,10.92
2016,Non-agriculture,All Sexes,10.54
2016,"Agriculture, forestry and fishing",All Sexes,67.44
2016,All Activities,Male,14.57
2016,Non-agriculture,Male,13.98
2016,"Agriculture, forestry and fishing",Male,69.16
2016,All Activities,Female,5.35
2016,Non-agriculture,Female,5.36
2017,Non-agriculture,Male,13.77
2017,All Activities,All Sexes,11.55
2017,"Agriculture, forestry and fishing",All Sexes,62.15
2017,Non-agriculture,All Sexes,10.85
2017,All Activities,Male,14.85
2017,"Agriculture, forestry and fishing",Male,64.15
2017,Non-agriculture,Female,6.56
2017,All Activities,Female,6.62
2018,All Activities,All Sexes,11.4
2018,"Agriculture, forestry and fishing",All Sexes,52.4
2018,All Activities,Male,14.82
2018,"Agriculture, forestry and fishing",Male,51.53
2018,Non-agriculture,Female,6.06
2018,All Activities,Female,6.16
2018,Non-agriculture,Male,14.19
2018,Non-agriculture,All Sexes,10.95
2019,All Activities,Female,6.13
2019,Non-agriculture,Female,6.04
2019,All Activities,All Sexes,12.25
2019,Non-agriculture,All Sexes,11.86
2019,"Agriculture, forestry and fishing",All Sexes,59.3
2019,All Activities,Male,16.3
2019,"Agriculture, forestry and fishing",Male,58.52
2019,Non-agriculture,Male,15.76
2020,All Activities,All Sexes,12.13
2020,"Agriculture, forestry and fishing",All Sexes,65.45
2020,Non-agriculture,Female,8.04
2020,Non-agriculture,All Sexes,11.92
2020,All Activities,Male,14.8
2020,"Agriculture, forestry and fishing",Male,63.37
2020,All Activities,Female,8.11
2020,Non-agriculture,Male,14.51
2021,Non-agriculture,All Sexes,12.35
2021,"Agriculture, forestry and fishing",All Sexes,50.91
2021,All Activities,All Sexes,12.46
2021,"Agriculture, forestry and fishing",Male,50.91
2021,Non-agriculture,Female,8.18
2021,Non-agriculture,Male,15.16
2021,All Activities,Female,8.18
2021,All Activities,Male,15.34
