Year,Series,Sex,Age,Citizenship,Value
2010,Proportion of people living below 50 per cent of median income,Both Sexes,All Ages,,8.0
2010,Proportion of people living below 50 per cent of median income,Both Sexes,< 18Y,,10.3
2010,Proportion of people living below 50 per cent of median income,Both Sexes,18-64,,7.0
2010,Proportion of people living below 50 per cent of median income,Both Sexes,65+,,9.5
2010,Proportion of people living below 50 per cent of median income,Females,All Ages,,8.1
2010,Proportion of people living below 50 per cent of median income,Males,All Ages,,7.9
2010,At risk of poverty or social exclusion (AROPE) by citizenship,,,Maltese,19.8
2010,At risk of poverty or social exclusion (AROPE) by citizenship,,,Non-Maltese,26.4
2010,At-risk-of poverty rate (AROP) by citizenship,,,Maltese,13.8
2010,At-risk-of poverty rate (AROP) by citizenship,,,Non-Maltese,21.8
2011,Proportion of people living below 50 per cent of median income,Both Sexes,All Ages,,8.3
2011,Proportion of people living below 50 per cent of median income,Both Sexes,< 18Y,,11.8
2011,Proportion of people living below 50 per cent of median income,Both Sexes,18-64,,7.0
2011,Proportion of people living below 50 per cent of median income,Both Sexes,65+,,9.7
2011,Proportion of people living below 50 per cent of median income,Females,All Ages,,8.8
2011,Proportion of people living below 50 per cent of median income,Males,All Ages,,7.8
2011,At risk of poverty or social exclusion (AROPE) by citizenship,,,Maltese,20.6
2011,At risk of poverty or social exclusion (AROPE) by citizenship,,,Non-Maltese,25.8
2011,At-risk-of poverty rate (AROP) by citizenship,,,Maltese,13.7
2011,At-risk-of poverty rate (AROP) by citizenship,,,Non-Maltese,21.2
2012,Proportion of people living below 50 per cent of median income,Both Sexes,All Ages,,7.4
2012,Proportion of people living below 50 per cent of median income,Both Sexes,< 18Y,,10.1
2012,Proportion of people living below 50 per cent of median income,Both Sexes,18-64,,6.4
2012,Proportion of people living below 50 per cent of median income,Both Sexes,65+,,9.0
2012,Proportion of people living below 50 per cent of median income,Females,All Ages,,7.7
2012,Proportion of people living below 50 per cent of median income,Males,All Ages,,7.2
2012,At risk of poverty or social exclusion (AROPE) by citizenship,,,Maltese,21.2
2012,At risk of poverty or social exclusion (AROPE) by citizenship,,,Non-Maltese,25.7
2012,At-risk-of poverty rate (AROP) by citizenship,,,Maltese,13.2
2012,At-risk-of poverty rate (AROP) by citizenship,,,Non-Maltese,19.8
2013,Proportion of people living below 50 per cent of median income,Both Sexes,All Ages,,8.7
2013,Proportion of people living below 50 per cent of median income,Both Sexes,< 18Y,,14.5
2013,Proportion of people living below 50 per cent of median income,Both Sexes,18-64,,7.5
2013,Proportion of people living below 50 per cent of median income,Both Sexes,65+,,6.8
2013,Proportion of people living below 50 per cent of median income,Females,All Ages,,8.9
2013,Proportion of people living below 50 per cent of median income,Males,All Ages,,8.5
2013,At risk of poverty or social exclusion (AROPE) by citizenship,,,Maltese,22.7
2013,At risk of poverty or social exclusion (AROPE) by citizenship,,,Non-Maltese,26.2
2013,At-risk-of poverty rate (AROP) by citizenship,,,Maltese,13.5
2013,At-risk-of poverty rate (AROP) by citizenship,,,Non-Maltese,22.2
2014,Proportion of people living below 50 per cent of median income,Both Sexes,All Ages,,8.3
2014,Proportion of people living below 50 per cent of median income,Both Sexes,< 18Y,,15.1
2014,Proportion of people living below 50 per cent of median income,Both Sexes,18-64,,7.1
2014,Proportion of people living below 50 per cent of median income,Both Sexes,65+,,5.8
2014,Proportion of people living below 50 per cent of median income,Females,All Ages,,8.1
2014,Proportion of people living below 50 per cent of median income,Males,All Ages,,8.5
2014,At risk of poverty or social exclusion (AROPE) by citizenship,,,Maltese,22.0
2014,At risk of poverty or social exclusion (AROPE) by citizenship,,,Non-Maltese,26.3
2014,At-risk-of poverty rate (AROP) by citizenship,,,Maltese,13.6
2014,At-risk-of poverty rate (AROP) by citizenship,,,Non-Maltese,21.6
2015,Proportion of people living below 50 per cent of median income,Both Sexes,All Ages,,8.6
2015,Proportion of people living below 50 per cent of median income,Both Sexes,< 18Y,,14.5
2015,Proportion of people living below 50 per cent of median income,Both Sexes,18-64,,7.1
2015,Proportion of people living below 50 per cent of median income,Both Sexes,65+,,8.4
2015,Proportion of people living below 50 per cent of median income,Females,All Ages,,8.4
2015,Proportion of people living below 50 per cent of median income,Males,All Ages,,8.9
2015,At risk of poverty or social exclusion (AROPE) by citizenship,,,Maltese,20.8
2015,At risk of poverty or social exclusion (AROPE) by citizenship,,,Non-Maltese,27.6
2015,At-risk-of poverty rate (AROP) by citizenship,,,Maltese,14.8
2015,At-risk-of poverty rate (AROP) by citizenship,,,Non-Maltese,22.7
2016,Proportion of people living below 50 per cent of median income,Both Sexes,All Ages,,7.8
2016,Proportion of people living below 50 per cent of median income,Both Sexes,< 18Y,,10.8
2016,Proportion of people living below 50 per cent of median income,Both Sexes,18-64,,6.6
2016,Proportion of people living below 50 per cent of median income,Both Sexes,65+,,8.9
2016,Proportion of people living below 50 per cent of median income,Females,All Ages,,7.4
2016,Proportion of people living below 50 per cent of median income,Males,All Ages,,8.1
2016,At risk of poverty or social exclusion (AROPE) by citizenship,,,Maltese,19.3
2016,At risk of poverty or social exclusion (AROPE) by citizenship,,,Non-Maltese,22.4
2016,At-risk-of poverty rate (AROP) by citizenship,,,Maltese,15.4
2016,At-risk-of poverty rate (AROP) by citizenship,,,Non-Maltese,19.6
2017,Proportion of people living below 50 per cent of median income,Both Sexes,All Ages,,8.6
2017,Proportion of people living below 50 per cent of median income,Both Sexes,< 18Y,,13.5
2017,Proportion of people living below 50 per cent of median income,Both Sexes,18-64,,7.0
2017,Proportion of people living below 50 per cent of median income,Both Sexes,65+,,9.3
2017,Proportion of people living below 50 per cent of median income,Females,All Ages,,8.8
2017,Proportion of people living below 50 per cent of median income,Males,All Ages,,8.4
2017,At risk of poverty or social exclusion (AROPE) by citizenship,,,Maltese,18.1
2017,At risk of poverty or social exclusion (AROPE) by citizenship,,,Non-Maltese,28.0
2017,At-risk-of poverty rate (AROP) by citizenship,,,Maltese,15.4
2017,At-risk-of poverty rate (AROP) by citizenship,,,Non-Maltese,24.3
2018,Proportion of people living below 50 per cent of median income,Both Sexes,All Ages,,8.7
2018,Proportion of people living below 50 per cent of median income,Both Sexes,< 18Y,,13.3
2018,Proportion of people living below 50 per cent of median income,Both Sexes,18-64,,7.7
2018,Proportion of people living below 50 per cent of median income,Both Sexes,65+,,8.3
2018,Proportion of people living below 50 per cent of median income,Females,All Ages,,9.2
2018,Proportion of people living below 50 per cent of median income,Males,All Ages,,8.3
2018,At risk of poverty or social exclusion (AROPE) by citizenship,,,Maltese,18.0
2018,At risk of poverty or social exclusion (AROPE) by citizenship,,,Non-Maltese,24.9
2018,At-risk-of poverty rate (AROP) by citizenship,,,Maltese,15.6
2018,At-risk-of poverty rate (AROP) by citizenship,,,Non-Maltese,23.3
2019,Proportion of people living below 50 per cent of median income,Both Sexes,All Ages,,8.7
2019,Proportion of people living below 50 per cent of median income,Both Sexes,< 18Y,,12.5
2019,Proportion of people living below 50 per cent of median income,Both Sexes,18-64,,7.4
2019,Proportion of people living below 50 per cent of median income,Both Sexes,65+,,9.9
2019,Proportion of people living below 50 per cent of median income,Females,All Ages,,8.9
2019,Proportion of people living below 50 per cent of median income,Males,All Ages,,8.6
2019,At risk of poverty or social exclusion (AROPE) by citizenship,,,Maltese,19.8
2019,At risk of poverty or social exclusion (AROPE) by citizenship,,,Non-Maltese,26.2
2019,At-risk-of poverty rate (AROP) by citizenship,,,Maltese,15.9
2019,At-risk-of poverty rate (AROP) by citizenship,,,Non-Maltese,23.6
2020,Proportion of people living below 50 per cent of median income,Both Sexes,All Ages,,8.3
2020,Proportion of people living below 50 per cent of median income,Both Sexes,< 18Y,,11.5
2020,Proportion of people living below 50 per cent of median income,Both Sexes,18-64,,7.3
2020,Proportion of people living below 50 per cent of median income,Both Sexes,65+,,9.1
2020,Proportion of people living below 50 per cent of median income,Females,All Ages,,8.9
2020,Proportion of people living below 50 per cent of median income,Males,All Ages,,7.7
2020,At risk of poverty or social exclusion (AROPE) by citizenship,,,Maltese,19.2
2020,At risk of poverty or social exclusion (AROPE) by citizenship,,,Non-Maltese,24.4
2020,At-risk-of poverty rate (AROP) by citizenship,,,Maltese,15.9
2020,At-risk-of poverty rate (AROP) by citizenship,,,Non-Maltese,21.6
2021,Proportion of people living below 50 per cent of median income,Both Sexes,All Ages,,8.9
2021,Proportion of people living below 50 per cent of median income,Both Sexes,< 18Y,,12.7
2021,Proportion of people living below 50 per cent of median income,Both Sexes,18-64,,7.8
2021,Proportion of people living below 50 per cent of median income,Both Sexes,65+,,9.2
2021,Proportion of people living below 50 per cent of median income,Females,All Ages,,9.3
2021,Proportion of people living below 50 per cent of median income,Males,All Ages,,8.4
2021,At risk of poverty or social exclusion (AROPE) by citizenship,,,Maltese,19.4
2021,At risk of poverty or social exclusion (AROPE) by citizenship,,,Non-Maltese,27.1
2021,At-risk-of poverty rate (AROP) by citizenship,,,Maltese,15.9
2021,At-risk-of poverty rate (AROP) by citizenship,,,Non-Maltese,23.4
2022,Proportion of people living below 50 per cent of median income,Both Sexes,All Ages,,8.4
2022,Proportion of people living below 50 per cent of median income,Both Sexes,< 18Y,,12.2
2022,Proportion of people living below 50 per cent of median income,Both Sexes,18-64,,6.7
2022,Proportion of people living below 50 per cent of median income,Both Sexes,65+,,10.8
2022,Proportion of people living below 50 per cent of median income,Females,All Ages,,8.8
2022,Proportion of people living below 50 per cent of median income,Males,All Ages,,7.9
2022,At risk of poverty or social exclusion (AROPE) by citizenship,,,Maltese,19.1
2022,At risk of poverty or social exclusion (AROPE) by citizenship,,,Non-Maltese,27.4
2022,At-risk-of poverty rate (AROP) by citizenship,,,Maltese,15.7
2022,At-risk-of poverty rate (AROP) by citizenship,,,Non-Maltese,26.5
2023,Proportion of people living below 50 per cent of median income,Both Sexes,< 18Y,,15.6
2023,Proportion of people living below 50 per cent of median income,Both Sexes,18-64,,8.8
2023,Proportion of people living below 50 per cent of median income,Both Sexes,65+,,15.7
2023,Proportion of people living below 50 per cent of median income,Both Sexes,All Ages,,11.1
2023,Proportion of people living below 50 per cent of median income,Females,All Ages,,11.4
2023,Proportion of people living below 50 per cent of median income,Males,All Ages,,10.8
2023,At risk of poverty or social exclusion (AROPE) by citizenship,,,Maltese,15.8
2023,At risk of poverty or social exclusion (AROPE) by citizenship,,,Non-Maltese,27.3
2023,At-risk-of poverty rate (AROP) by citizenship,,,Maltese,12.8
2023,At-risk-of poverty rate (AROP) by citizenship,,,Non-Maltese,23.8
2024,Proportion of people living below 50 per cent of median income,Both Sexes,< 18Y,,15.6
2024,Proportion of people living below 50 per cent of median income,Both Sexes,18-64,,7.9
2024,Proportion of people living below 50 per cent of median income,Both Sexes,65+,,15.2
2024,Proportion of people living below 50 per cent of median income,Both Sexes,All Ages,,10.3
2024,Proportion of people living below 50 per cent of median income,Females,All Ages,,10.3
2024,Proportion of people living below 50 per cent of median income,Males,All Ages,,10.3
2024,At risk of poverty or social exclusion (AROPE) by citizenship,,,Maltese,17.6
2024,At risk of poverty or social exclusion (AROPE) by citizenship,,,Non-Maltese,21.3
2024,At-risk-of poverty rate (AROP) by citizenship,,,Maltese,13.8
2024,At-risk-of poverty rate (AROP) by citizenship,,,Non-Maltese,20.0
