Year,Series,Value
2015,"Parties meeting their commitments and obligations in transmitting information as required by Basel Convention on hazardous waste, and other chemicals (%)",100.0
2020,"Parties meeting their commitments and obligations in transmitting information as required by Basel Convention on hazardous waste, and other chemicals (%)",100.0
2015,"Parties meeting their commitments and obligations in transmitting information as required by Montreal Protocol on hazardous waste, and other chemicals (%)",100.0
2020,"Parties meeting their commitments and obligations in transmitting information as required by Montreal Protocol on hazardous waste, and other chemicals (%)",100.0
2015,"Parties meeting their commitments and obligations in transmitting information as required by Rotterdam Convention on hazardous waste, and other chemicals (%)",9.8
2020,"Parties meeting their commitments and obligations in transmitting information as required by Rotterdam Convention on hazardous waste, and other chemicals (%)",87.93
2015,"Parties meeting their commitments and obligations in transmitting information as required by Stockholm Convention on hazardous waste, and other chemicals (%)",33.33
2020,"Parties meeting their commitments and obligations in transmitting information as required by Stockholm Convention on hazardous waste, and other chemicals (%)",0.0
