Year,Series,Age Group,Value
2022,"Proportion of women and girls aged 18-74 subjected to sexual violence by persons other than an intimate partner, since the age of 15",All Ages,7.3
2022,"Proportion of women and girls aged 18-74 subjected to any form of violence by persons other than an intimate partner, during the last 5 years",All Ages,3.8
2022,"Proportion of women and girls aged 18-74 subjected to any form of violence by persons other than an intimate partner, since the age of 15",All Ages,15.1
2022,"Proportion of women and girls aged 18-74 subjected to sexual violence by persons other than an intimate partner, since the age of 15",18-49,9.3
2022,"Proportion of women and girls aged 18-74 subjected to any form of violence by persons other than an intimate partner, during the last 5 years",18-49,5.3
2022,"Proportion of women and girls aged 18-74 subjected to any form of violence by persons other than an intimate partner, since the age of 15",18-49,17.9
2022,"Proportion of women and girls aged 18-74 subjected to sexual violence by persons other than an intimate partner, since the age of 15",50-74,4.1u
2022,"Proportion of women and girls aged 18-74 subjected to any form of violence by persons other than an intimate partner, since the age of 15",50-74,10.6
