Year,Series,Age Group,Value
2022,"Proportion of ever-partnered women and girls aged 18-74 years subjected to physical, sexual or psychological violence (including threats) by a current or former intimate partner by occurrence in the previous 12 months",All Ages,3.5
2022,"Proportion of ever-partnered women and girls aged 18-74 years subjected to physical, sexual or psychological violence (including threats) by a current or former intimate partner by occurrence in the previous 5 years",All Ages,9.7
2022,"Proportion of ever-partnered women and girls aged 18-74 years subjected to physical, sexual or psychological violence (including threats) by a current or former intimate partner by occurrence over the lifetime",All Ages,26
2022,"Proportion of ever-partnered women and girls aged 18-74 years subjected to physical, sexual or psychological violence (including threats) by a current or former intimate partner by occurrence in the previous 12 months",18-49,3.8
2022,"Proportion of ever-partnered women and girls aged 18-74 years subjected to physical, sexual or psychological violence (including threats) by a current or former intimate partner by occurrence in the previous 5 years",18-49,12.4
2022,"Proportion of ever-partnered women and girls aged 18-74 years subjected to physical, sexual or psychological violence (including threats) by a current or former intimate partner by occurrence over the lifetime",18-49,28
2022,"Proportion of ever-partnered women and girls aged 18-74 years subjected to physical, sexual or psychological violence (including threats) by a current or former intimate partner by occurrence in the previous 12 months",50-74,3.0u
2022,"Proportion of ever-partnered women and girls aged 18-74 years subjected to physical, sexual or psychological violence (including threats) by a current or former intimate partner by occurrence in the previous 5 years",50-74,5.5
2022,"Proportion of ever-partnered women and girls aged 18-74 years subjected to physical, sexual or psychological violence (including threats) by a current or former intimate partner by occurrence over the lifetime",50-74,22.8
