Year,Series,Sex,Migratory Status,Units,Value
2016,"Fatal occupational injuries among employees, per 100,000 employees",Both Sexes,All Migratory Statuses,"per 100,000 employees",3.91
2016,"Fatal occupational injuries among employees, per 100,000 employees",Females,All Migratory Statuses,"per 100,000 employees",0.0
2016,"Fatal occupational injuries among employees, per 100,000 employees",Males,All Migratory Statuses,"per 100,000 employees",6.87
2016,"Fatal occupational injuries among employees, per 100,000 employees",Both Sexes,Migrants,"per 100,000 employees",20.36
2016,"Fatal occupational injuries among employees, per 100,000 employees",Females,Migrants,"per 100,000 employees",0.0
2016,"Fatal occupational injuries among employees, per 100,000 employees",Males,Migrants,"per 100,000 employees",35.18
2016,"Fatal occupational injuries among employees, per 100,000 employees",Both Sexes,Non-Migrant,"per 100,000 employees",0.0
2016,"Fatal occupational injuries among employees, per 100,000 employees",Females,Non-Migrant,"per 100,000 employees",0.0
2016,"Fatal occupational injuries among employees, per 100,000 employees",Males,Non-Migrant,"per 100,000 employees",0.0
2017,"Fatal occupational injuries among employees, per 100,000 employees",Both Sexes,All Migratory Statuses,"per 100,000 employees",0.53
2017,"Fatal occupational injuries among employees, per 100,000 employees",Females,All Migratory Statuses,"per 100,000 employees",0.0
2017,"Fatal occupational injuries among employees, per 100,000 employees",Males,All Migratory Statuses,"per 100,000 employees",0.93
2017,"Fatal occupational injuries among employees, per 100,000 employees",Both Sexes,Migrants,"per 100,000 employees",0.0
2017,"Fatal occupational injuries among employees, per 100,000 employees",Females,Migrants,"per 100,000 employees",0.0
2017,"Fatal occupational injuries among employees, per 100,000 employees",Males,Migrants,"per 100,000 employees",6.12
2017,"Fatal occupational injuries among employees, per 100,000 employees",Both Sexes,Non-Migrant,"per 100,000 employees",0.0
2017,"Fatal occupational injuries among employees, per 100,000 employees",Females,Non-Migrant,"per 100,000 employees",0.0
2017,"Fatal occupational injuries among employees, per 100,000 employees",Males,Non-Migrant,"per 100,000 employees",0.0
2018,"Fatal occupational injuries among employees, per 100,000 employees",Both Sexes,All Migratory Statuses,"per 100,000 employees",1.98
2018,"Fatal occupational injuries among employees, per 100,000 employees",Females,All Migratory Statuses,"per 100,000 employees",0.0
2018,"Fatal occupational injuries among employees, per 100,000 employees",Males,All Migratory Statuses,"per 100,000 employees",3.48
2018,"Fatal occupational injuries among employees, per 100,000 employees",Both Sexes,Migrants,"per 100,000 employees",7.04
2018,"Fatal occupational injuries among employees, per 100,000 employees",Females,Migrants,"per 100,000 employees",0.0
2018,"Fatal occupational injuries among employees, per 100,000 employees",Males,Migrants,"per 100,000 employees",9.26
2018,"Fatal occupational injuries among employees, per 100,000 employees",Both Sexes,Non-Migrant,"per 100,000 employees",0.0
2018,"Fatal occupational injuries among employees, per 100,000 employees",Females,Non-Migrant,"per 100,000 employees",0.0
2018,"Fatal occupational injuries among employees, per 100,000 employees",Males,Non-Migrant,"per 100,000 employees",0.0
2019,"Fatal occupational injuries among employees, per 100,000 employees",Both Sexes,All Migratory Statuses,"per 100,000 employees",1.42
2019,"Fatal occupational injuries among employees, per 100,000 employees",Females,All Migratory Statuses,"per 100,000 employees",0.0
2019,"Fatal occupational injuries among employees, per 100,000 employees",Males,All Migratory Statuses,"per 100,000 employees",2.46
2019,"Fatal occupational injuries among employees, per 100,000 employees",Both Sexes,Migrants,"per 100,000 employees",3.95
2019,"Fatal occupational injuries among employees, per 100,000 employees",Females,Migrants,"per 100,000 employees",0.0
2019,"Fatal occupational injuries among employees, per 100,000 employees",Males,Migrants,"per 100,000 employees",7.33
2019,"Fatal occupational injuries among employees, per 100,000 employees",Both Sexes,Non-Migrant,"per 100,000 employees",0.0
2019,"Fatal occupational injuries among employees, per 100,000 employees",Females,Non-Migrant,"per 100,000 employees",0.0
2019,"Fatal occupational injuries among employees, per 100,000 employees",Males,Non-Migrant,"per 100,000 employees",0.0
2020,"Fatal occupational injuries among employees, per 100,000 employees",Both Sexes,All Migratory Statuses,"per 100,000 employees",3.23
2020,"Fatal occupational injuries among employees, per 100,000 employees",Females,All Migratory Statuses,"per 100,000 employees",1.06
2020,"Fatal occupational injuries among employees, per 100,000 employees",Males,All Migratory Statuses,"per 100,000 employees",4.89
2020,"Fatal occupational injuries among employees, per 100,000 employees",Both Sexes,Migrants,"per 100,000 employees",5.48
2020,"Fatal occupational injuries among employees, per 100,000 employees",Females,Migrants,"per 100,000 employees",0.0
2020,"Fatal occupational injuries among employees, per 100,000 employees",Males,Migrants,"per 100,000 employees",10.42
2020,"Fatal occupational injuries among employees, per 100,000 employees",Both Sexes,Non-Migrant,"per 100,000 employees",0.0
2020,"Fatal occupational injuries among employees, per 100,000 employees",Females,Non-Migrant,"per 100,000 employees",0.0
2020,"Fatal occupational injuries among employees, per 100,000 employees",Males,Non-Migrant,"per 100,000 employees",0.0
2021,"Fatal occupational injuries among employees, per 100,000 employees",Both Sexes,All Migratory Statuses,"per 100,000 employees",4.0
2021,"Fatal occupational injuries among employees, per 100,000 employees",Females,All Migratory Statuses,"per 100,000 employees",0.0
2021,"Fatal occupational injuries among employees, per 100,000 employees",Males,All Migratory Statuses,"per 100,000 employees",7.12
2021,"Fatal occupational injuries among employees, per 100,000 employees",Both Sexes,Migrants,"per 100,000 employees",9.76
2021,"Fatal occupational injuries among employees, per 100,000 employees",Females,Migrants,"per 100,000 employees",0.0
2021,"Fatal occupational injuries among employees, per 100,000 employees",Males,Migrants,"per 100,000 employees",18.38
2021,"Fatal occupational injuries among employees, per 100,000 employees",Both Sexes,Non-Migrant,"per 100,000 employees",0.0
2021,"Fatal occupational injuries among employees, per 100,000 employees",Females,Non-Migrant,"per 100,000 employees",0.0
2021,"Fatal occupational injuries among employees, per 100,000 employees",Males,Non-Migrant,"per 100,000 employees",0.0
2022,"Fatal occupational injuries among employees, per 100,000 employees",Both Sexes,All Migratory Statuses,"per 100,000 employees",6.23
2022,"Fatal occupational injuries among employees, per 100,000 employees",Females,All Migratory Statuses,"per 100,000 employees",0.0
2022,"Fatal occupational injuries among employees, per 100,000 employees",Males,All Migratory Statuses,"per 100,000 employees",11.21
2022,"Fatal occupational injuries among employees, per 100,000 employees",Both Sexes,Migrants,"per 100,000 employees",8.08
2022,"Fatal occupational injuries among employees, per 100,000 employees",Females,Migrants,"per 100,000 employees",0.0
2022,"Fatal occupational injuries among employees, per 100,000 employees",Males,Migrants,"per 100,000 employees",14.78
2022,"Fatal occupational injuries among employees, per 100,000 employees",Both Sexes,Non-Migrant,"per 100,000 employees",0.01
2022,"Fatal occupational injuries among employees, per 100,000 employees",Females,Non-Migrant,"per 100,000 employees",0.0
2022,"Fatal occupational injuries among employees, per 100,000 employees",Males,Non-Migrant,"per 100,000 employees",0.01
2023,"Fatal occupational injuries among employees, per 100,000 employees",Both Sexes,All Migratory Statuses,"per 100,000 employees",1.93
2023,"Fatal occupational injuries among employees, per 100,000 employees",Females,All Migratory Statuses,"per 100,000 employees",0.0
2023,"Fatal occupational injuries among employees, per 100,000 employees",Males,All Migratory Statuses,"per 100,000 employees",3.38
2023,"Fatal occupational injuries among employees, per 100,000 employees",Both Sexes,Migrants,"per 100,000 employees",2.1
2023,"Fatal occupational injuries among employees, per 100,000 employees",Females,Migrants,"per 100,000 employees",0.0
2023,"Fatal occupational injuries among employees, per 100,000 employees",Males,Migrants,"per 100,000 employees",3.38
2023,"Fatal occupational injuries among employees, per 100,000 employees",Both Sexes,Non-Migrant,"per 100,000 employees",0.0
2023,"Fatal occupational injuries among employees, per 100,000 employees",Females,Non-Migrant,"per 100,000 employees",0.0
2023,"Fatal occupational injuries among employees, per 100,000 employees",Males,Non-Migrant,"per 100,000 employees",0.0
2016,"Fatal occupational injuries among workers, per 100,000 workers",Both Sexes,All Migratory Statuses,"per 100,000 workers",3.36
2017,"Fatal occupational injuries among workers, per 100,000 workers",Both Sexes,All Migratory Statuses,"per 100,000 workers",0.45
2018,"Fatal occupational injuries among workers, per 100,000 workers",Both Sexes,All Migratory Statuses,"per 100,000 workers",1.69
2019,"Fatal occupational injuries among workers, per 100,000 workers",Both Sexes,All Migratory Statuses,"per 100,000 workers",1.19
2020,"Fatal occupational injuries among workers, per 100,000 workers",Both Sexes,All Migratory Statuses,"per 100,000 workers",2.71
2021,"Fatal occupational injuries among workers, per 100,000 workers",Both Sexes,All Migratory Statuses,"per 100,000 workers",3.38
2022,"Fatal occupational injuries among workers, per 100,000 workers",Both Sexes,All Migratory Statuses,"per 100,000 workers",5.28
2023,"Fatal occupational injuries among workers, per 100,000 workers",Both Sexes,All Migratory Statuses,"per 100,000 workers",1.65
2016,"Fatal occupational injuries among workers, per 100,000 workers",Females,All Migratory Statuses,"per 100,000 workers",0.0
2017,"Fatal occupational injuries among workers, per 100,000 workers",Females,All Migratory Statuses,"per 100,000 workers",0.0
2018,"Fatal occupational injuries among workers, per 100,000 workers",Females,All Migratory Statuses,"per 100,000 workers",0.0
2019,"Fatal occupational injuries among workers, per 100,000 workers",Females,All Migratory Statuses,"per 100,000 workers",0.0
2020,"Fatal occupational injuries among workers, per 100,000 workers",Females,All Migratory Statuses,"per 100,000 workers",0.96
2021,"Fatal occupational injuries among workers, per 100,000 workers",Females,All Migratory Statuses,"per 100,000 workers",0.0
2022,"Fatal occupational injuries among workers, per 100,000 workers",Females,All Migratory Statuses,"per 100,000 workers",0.0
2023,"Fatal occupational injuries among workers, per 100,000 workers",Females,All Migratory Statuses,"per 100,000 workers",0.0
2016,"Fatal occupational injuries among workers, per 100,000 workers",Males,All Migratory Statuses,"per 100,000 workers",5.55
2017,"Fatal occupational injuries among workers, per 100,000 workers",Males,All Migratory Statuses,"per 100,000 workers",0.76
2018,"Fatal occupational injuries among workers, per 100,000 workers",Males,All Migratory Statuses,"per 100,000 workers",2.84
2019,"Fatal occupational injuries among workers, per 100,000 workers",Males,All Migratory Statuses,"per 100,000 workers",1.97
2020,"Fatal occupational injuries among workers, per 100,000 workers",Males,All Migratory Statuses,"per 100,000 workers",3.89
2021,"Fatal occupational injuries among workers, per 100,000 workers",Males,All Migratory Statuses,"per 100,000 workers",5.69
2022,"Fatal occupational injuries among workers, per 100,000 workers",Males,All Migratory Statuses,"per 100,000 workers",9.02
2023,"Fatal occupational injuries among workers, per 100,000 workers",Males,All Migratory Statuses,"per 100,000 workers",2.78
2016,"Fatal occupational injuries among workers, per 100,000 workers",Both Sexes,Migrants,"per 100,000 workers",16.55
2017,"Fatal occupational injuries among workers, per 100,000 workers",Both Sexes,Migrants,"per 100,000 workers",0.0
2018,"Fatal occupational injuries among workers, per 100,000 workers",Both Sexes,Migrants,"per 100,000 workers",5.83
2019,"Fatal occupational injuries among workers, per 100,000 workers",Both Sexes,Migrants,"per 100,000 workers",3.16
2020,"Fatal occupational injuries among workers, per 100,000 workers",Both Sexes,Migrants,"per 100,000 workers",4.31
2021,"Fatal occupational injuries among workers, per 100,000 workers",Both Sexes,Migrants,"per 100,000 workers",8.09
2022,"Fatal occupational injuries among workers, per 100,000 workers",Both Sexes,Migrants,"per 100,000 workers",6.78
2023,"Fatal occupational injuries among workers, per 100,000 workers",Both Sexes,Migrants,"per 100,000 workers",1.85
2016,"Fatal occupational injuries among workers, per 100,000 workers",Females,Migrants,"per 100,000 workers",0.0
2017,"Fatal occupational injuries among workers, per 100,000 workers",Females,Migrants,"per 100,000 workers",0.0
2018,"Fatal occupational injuries among workers, per 100,000 workers",Females,Migrants,"per 100,000 workers",0.0
2019,"Fatal occupational injuries among workers, per 100,000 workers",Females,Migrants,"per 100,000 workers",0.0
2020,"Fatal occupational injuries among workers, per 100,000 workers",Females,Migrants,"per 100,000 workers",0.0
2021,"Fatal occupational injuries among workers, per 100,000 workers",Females,Migrants,"per 100,000 workers",0.0
2022,"Fatal occupational injuries among workers, per 100,000 workers",Females,Migrants,"per 100,000 workers",0.0
2023,"Fatal occupational injuries among workers, per 100,000 workers",Females,Migrants,"per 100,000 workers",0.0
2016,"Fatal occupational injuries among workers, per 100,000 workers",Males,Migrants,"per 100,000 workers",26.3
2017,"Fatal occupational injuries among workers, per 100,000 workers",Males,Migrants,"per 100,000 workers",4.42
2018,"Fatal occupational injuries among workers, per 100,000 workers",Males,Migrants,"per 100,000 workers",7.31
2019,"Fatal occupational injuries among workers, per 100,000 workers",Males,Migrants,"per 100,000 workers",5.55
2020,"Fatal occupational injuries among workers, per 100,000 workers",Males,Migrants,"per 100,000 workers",7.72
2021,"Fatal occupational injuries among workers, per 100,000 workers",Males,Migrants,"per 100,000 workers",14.28
2022,"Fatal occupational injuries among workers, per 100,000 workers",Males,Migrants,"per 100,000 workers",11.87
2023,"Fatal occupational injuries among workers, per 100,000 workers",Males,Migrants,"per 100,000 workers",2.96
2016,"Fatal occupational injuries among workers, per 100,000 workers",Both Sexes,Non-Migrant,"per 100,000 workers",1.12
2017,"Fatal occupational injuries among workers, per 100,000 workers",Both Sexes,Non-Migrant,"per 100,000 workers",0.0
2018,"Fatal occupational injuries among workers, per 100,000 workers",Both Sexes,Non-Migrant,"per 100,000 workers",0.54
2019,"Fatal occupational injuries among workers, per 100,000 workers",Both Sexes,Non-Migrant,"per 100,000 workers",0.53
2020,"Fatal occupational injuries among workers, per 100,000 workers",Both Sexes,Non-Migrant,"per 100,000 workers",2.12
2021,"Fatal occupational injuries among workers, per 100,000 workers",Both Sexes,Non-Migrant,"per 100,000 workers",1.56
2022,"Fatal occupational injuries among workers, per 100,000 workers",Both Sexes,Non-Migrant,"per 100,000 workers",4.6
2023,"Fatal occupational injuries among workers, per 100,000 workers",Both Sexes,Non-Migrant,"per 100,000 workers",1.54
2016,"Fatal occupational injuries among workers, per 100,000 workers",Females,Non-Migrant,"per 100,000 workers",0.0
2017,"Fatal occupational injuries among workers, per 100,000 workers",Females,Non-Migrant,"per 100,000 workers",0.0
2018,"Fatal occupational injuries among workers, per 100,000 workers",Females,Non-Migrant,"per 100,000 workers",0.0
2019,"Fatal occupational injuries among workers, per 100,000 workers",Females,Non-Migrant,"per 100,000 workers",0.0
2020,"Fatal occupational injuries among workers, per 100,000 workers",Females,Non-Migrant,"per 100,000 workers",1.36
2021,"Fatal occupational injuries among workers, per 100,000 workers",Females,Non-Migrant,"per 100,000 workers",0.0
2022,"Fatal occupational injuries among workers, per 100,000 workers",Females,Non-Migrant,"per 100,000 workers",0.0
2023,"Fatal occupational injuries among workers, per 100,000 workers",Females,Non-Migrant,"per 100,000 workers",0.0
2016,"Fatal occupational injuries among workers, per 100,000 workers",Males,Non-Migrant,"per 100,000 workers",1.87
2017,"Fatal occupational injuries among workers, per 100,000 workers",Males,Non-Migrant,"per 100,000 workers",0.0
2018,"Fatal occupational injuries among workers, per 100,000 workers",Males,Non-Migrant,"per 100,000 workers",0.88
2019,"Fatal occupational injuries among workers, per 100,000 workers",Males,Non-Migrant,"per 100,000 workers",0.86
2020,"Fatal occupational injuries among workers, per 100,000 workers",Males,Non-Migrant,"per 100,000 workers",2.6
2021,"Fatal occupational injuries among workers, per 100,000 workers",Males,Non-Migrant,"per 100,000 workers",2.58
2022,"Fatal occupational injuries among workers, per 100,000 workers",Males,Non-Migrant,"per 100,000 workers",7.78
2023,"Fatal occupational injuries among workers, per 100,000 workers",Males,Non-Migrant,"per 100,000 workers",2.68
2016,"Non-fatal occupational injuries among employees, per 100,000 employees",Both Sexes,All Migratory Statuses,"per 100,000 employees",1799.92
2016,"Non-fatal occupational injuries among employees, per 100,000 employees",Females,All Migratory Statuses,"per 100,000 employees",867.88
2016,"Non-fatal occupational injuries among employees, per 100,000 employees",Males,All Migratory Statuses,"per 100,000 employees",2503.73
2016,"Non-fatal occupational injuries among employees, per 100,000 employees",Both Sexes,Migrants,"per 100,000 employees",1339.69
2016,"Non-fatal occupational injuries among employees, per 100,000 employees",Females,Migrants,"per 100,000 employees",763.73
2016,"Non-fatal occupational injuries among employees, per 100,000 employees",Males,Migrants,"per 100,000 employees",1758.83
2016,"Non-fatal occupational injuries among employees, per 100,000 employees",Both Sexes,Non-Migrant,"per 100,000 employees",1873.15
2016,"Non-fatal occupational injuries among employees, per 100,000 employees",Females,Non-Migrant,"per 100,000 employees",884.05
2016,"Non-fatal occupational injuries among employees, per 100,000 employees",Males,Non-Migrant,"per 100,000 employees",2624.44
2017,"Non-fatal occupational injuries among employees, per 100,000 employees",Both Sexes,All Migratory Statuses,"per 100,000 employees",1695.61
2017,"Non-fatal occupational injuries among employees, per 100,000 employees",Females,All Migratory Statuses,"per 100,000 employees",792.15
2017,"Non-fatal occupational injuries among employees, per 100,000 employees",Males,All Migratory Statuses,"per 100,000 employees",2376.77
2017,"Non-fatal occupational injuries among employees, per 100,000 employees",Both Sexes,Migrants,"per 100,000 employees",1220.18
2017,"Non-fatal occupational injuries among employees, per 100,000 employees",Females,Migrants,"per 100,000 employees",459.64
2017,"Non-fatal occupational injuries among employees, per 100,000 employees",Males,Migrants,"per 100,000 employees",1817.63
2017,"Non-fatal occupational injuries among employees, per 100,000 employees",Both Sexes,Non-Migrant,"per 100,000 employees",1783.13
2017,"Non-fatal occupational injuries among employees, per 100,000 employees",Females,Non-Migrant,"per 100,000 employees",855.07
2017,"Non-fatal occupational injuries among employees, per 100,000 employees",Males,Non-Migrant,"per 100,000 employees",2477.55
2018,"Non-fatal occupational injuries among employees, per 100,000 employees",Both Sexes,All Migratory Statuses,"per 100,000 employees",1606.27
2018,"Non-fatal occupational injuries among employees, per 100,000 employees",Females,All Migratory Statuses,"per 100,000 employees",737.32
2018,"Non-fatal occupational injuries among employees, per 100,000 employees",Males,All Migratory Statuses,"per 100,000 employees",2269.2
2018,"Non-fatal occupational injuries among employees, per 100,000 employees",Both Sexes,Migrants,"per 100,000 employees",1262.64
2018,"Non-fatal occupational injuries among employees, per 100,000 employees",Females,Migrants,"per 100,000 employees",461.75
2018,"Non-fatal occupational injuries among employees, per 100,000 employees",Males,Migrants,"per 100,000 employees",2041.48
2018,"Non-fatal occupational injuries among employees, per 100,000 employees",Both Sexes,Non-Migrant,"per 100,000 employees",1697.86
2018,"Non-fatal occupational injuries among employees, per 100,000 employees",Females,Non-Migrant,"per 100,000 employees",824.23
2018,"Non-fatal occupational injuries among employees, per 100,000 employees",Males,Non-Migrant,"per 100,000 employees",2321.96
2019,"Non-fatal occupational injuries among employees, per 100,000 employees",Both Sexes,All Migratory Statuses,"per 100,000 employees",1538.11
2019,"Non-fatal occupational injuries among employees, per 100,000 employees",Females,All Migratory Statuses,"per 100,000 employees",806.48
2019,"Non-fatal occupational injuries among employees, per 100,000 employees",Males,All Migratory Statuses,"per 100,000 employees",2078.85
2019,"Non-fatal occupational injuries among employees, per 100,000 employees",Both Sexes,Migrants,"per 100,000 employees",1274.64
2019,"Non-fatal occupational injuries among employees, per 100,000 employees",Females,Migrants,"per 100,000 employees",620.14
2019,"Non-fatal occupational injuries among employees, per 100,000 employees",Males,Migrants,"per 100,000 employees",1835.23
2019,"Non-fatal occupational injuries among employees, per 100,000 employees",Both Sexes,Non-Migrant,"per 100,000 employees",1620.97
2019,"Non-fatal occupational injuries among employees, per 100,000 employees",Females,Non-Migrant,"per 100,000 employees",871.86
2019,"Non-fatal occupational injuries among employees, per 100,000 employees",Males,Non-Migrant,"per 100,000 employees",2149.23
2020,"Non-fatal occupational injuries among employees, per 100,000 employees",Both Sexes,All Migratory Statuses,"per 100,000 employees",1074.76
2020,"Non-fatal occupational injuries among employees, per 100,000 employees",Females,All Migratory Statuses,"per 100,000 employees",446.19
2020,"Non-fatal occupational injuries among employees, per 100,000 employees",Males,All Migratory Statuses,"per 100,000 employees",1555.84
2020,"Non-fatal occupational injuries among employees, per 100,000 employees",Both Sexes,Migrants,"per 100,000 employees",946.45
2020,"Non-fatal occupational injuries among employees, per 100,000 employees",Females,Migrants,"per 100,000 employees",273.56
2020,"Non-fatal occupational injuries among employees, per 100,000 employees",Males,Migrants,"per 100,000 employees",1553.32
2020,"Non-fatal occupational injuries among employees, per 100,000 employees",Both Sexes,Non-Migrant,"per 100,000 employees",1118.15
2020,"Non-fatal occupational injuries among employees, per 100,000 employees",Females,Non-Migrant,"per 100,000 employees",512.12
2020,"Non-fatal occupational injuries among employees, per 100,000 employees",Males,Non-Migrant,"per 100,000 employees",1556.61
2021,"Non-fatal occupational injuries among employees, per 100,000 employees",Both Sexes,All Migratory Statuses,"per 100,000 employees",1078.3
2021,"Non-fatal occupational injuries among employees, per 100,000 employees",Females,All Migratory Statuses,"per 100,000 employees",522.71
2021,"Non-fatal occupational injuries among employees, per 100,000 employees",Males,All Migratory Statuses,"per 100,000 employees",1511.16
2021,"Non-fatal occupational injuries among employees, per 100,000 employees",Both Sexes,Migrants,"per 100,000 employees",919.42
2021,"Non-fatal occupational injuries among employees, per 100,000 employees",Females,Migrants,"per 100,000 employees",395.83
2021,"Non-fatal occupational injuries among employees, per 100,000 employees",Males,Migrants,"per 100,000 employees",1381.23
2021,"Non-fatal occupational injuries among employees, per 100,000 employees",Both Sexes,Non-Migrant,"per 100,000 employees",1138.0
2021,"Non-fatal occupational injuries among employees, per 100,000 employees",Females,Non-Migrant,"per 100,000 employees",575.12
2021,"Non-fatal occupational injuries among employees, per 100,000 employees",Males,Non-Migrant,"per 100,000 employees",1556.39
2022,"Non-fatal occupational injuries among employees, per 100,000 employees",Both Sexes,All Migratory Statuses,"per 100,000 employees",994.06
2022,"Non-fatal occupational injuries among employees, per 100,000 employees",Females,All Migratory Statuses,"per 100,000 employees",475.82
2022,"Non-fatal occupational injuries among employees, per 100,000 employees",Males,All Migratory Statuses,"per 100,000 employees",1408.53
2022,"Non-fatal occupational injuries among employees, per 100,000 employees",Both Sexes,Migrants,"per 100,000 employees",832.5
2022,"Non-fatal occupational injuries among employees, per 100,000 employees",Females,Migrants,"per 100,000 employees",321.01
2022,"Non-fatal occupational injuries among employees, per 100,000 employees",Males,Migrants,"per 100,000 employees",1256.47
2022,"Non-fatal occupational injuries among employees, per 100,000 employees",Both Sexes,Non-Migrant,"per 100,000 employees",1066.09
2022,"Non-fatal occupational injuries among employees, per 100,000 employees",Females,Non-Migrant,"per 100,000 employees",546.84
2022,"Non-fatal occupational injuries among employees, per 100,000 employees",Males,Non-Migrant,"per 100,000 employees",1474.79
2023,"Non-fatal occupational injuries among employees, per 100,000 employees",Both Sexes,All Migratory Statuses,"per 100,000 employees",845.11
2023,"Non-fatal occupational injuries among employees, per 100,000 employees",Females,All Migratory Statuses,"per 100,000 employees",454.84
2023,"Non-fatal occupational injuries among employees, per 100,000 employees",Males,All Migratory Statuses,"per 100,000 employees",1137.91
2023,"Non-fatal occupational injuries among employees, per 100,000 employees",Both Sexes,Migrants,"per 100,000 employees",623.51
2023,"Non-fatal occupational injuries among employees, per 100,000 employees",Females,Migrants,"per 100,000 employees",293.01
2023,"Non-fatal occupational injuries among employees, per 100,000 employees",Males,Migrants,"per 100,000 employees",825.29
2023,"Non-fatal occupational injuries among employees, per 100,000 employees",Both Sexes,Non-Migrant,"per 100,000 employees",974.38
2023,"Non-fatal occupational injuries among employees, per 100,000 employees",Females,Non-Migrant,"per 100,000 employees",533.04
2023,"Non-fatal occupational injuries among employees, per 100,000 employees",Males,Non-Migrant,"per 100,000 employees",1346.65
2016,"Non-fatal occupational injuries among workers, per 100,000 workers",Both Sexes,All Migratory Statuses,"per 100,000 workers",1547.1
2017,"Non-fatal occupational injuries among workers, per 100,000 workers",Both Sexes,All Migratory Statuses,"per 100,000 workers",1443.16
2018,"Non-fatal occupational injuries among workers, per 100,000 workers",Both Sexes,All Migratory Statuses,"per 100,000 workers",1373.46
2019,"Non-fatal occupational injuries among workers, per 100,000 workers",Both Sexes,All Migratory Statuses,"per 100,000 workers",1293.2
2020,"Non-fatal occupational injuries among workers, per 100,000 workers",Both Sexes,All Migratory Statuses,"per 100,000 workers",900.74
2021,"Non-fatal occupational injuries among workers, per 100,000 workers",Both Sexes,All Migratory Statuses,"per 100,000 workers",910.8
2022,"Non-fatal occupational injuries among workers, per 100,000 workers",Both Sexes,All Migratory Statuses,"per 100,000 workers",842.63
2023,"Non-fatal occupational injuries among workers, per 100,000 workers",Both Sexes,All Migratory Statuses,"per 100,000 workers",722.18
2016,"Non-fatal occupational injuries among workers, per 100,000 workers",Females,All Migratory Statuses,"per 100,000 workers",814.2
2017,"Non-fatal occupational injuries among workers, per 100,000 workers",Females,All Migratory Statuses,"per 100,000 workers",725.73
2018,"Non-fatal occupational injuries among workers, per 100,000 workers",Females,All Migratory Statuses,"per 100,000 workers",675.12
2019,"Non-fatal occupational injuries among workers, per 100,000 workers",Females,All Migratory Statuses,"per 100,000 workers",727.02
2020,"Non-fatal occupational injuries among workers, per 100,000 workers",Females,All Migratory Statuses,"per 100,000 workers",401.96
2021,"Non-fatal occupational injuries among workers, per 100,000 workers",Females,All Migratory Statuses,"per 100,000 workers",475.58
2022,"Non-fatal occupational injuries among workers, per 100,000 workers",Females,All Migratory Statuses,"per 100,000 workers",432.19
2023,"Non-fatal occupational injuries among workers, per 100,000 workers",Females,All Migratory Statuses,"per 100,000 workers",409.13
2016,"Non-fatal occupational injuries among workers, per 100,000 workers",Males,All Migratory Statuses,"per 100,000 workers",2023.98
2017,"Non-fatal occupational injuries among workers, per 100,000 workers",Males,All Migratory Statuses,"per 100,000 workers",1920.11
2018,"Non-fatal occupational injuries among workers, per 100,000 workers",Males,All Migratory Statuses,"per 100,000 workers",1847.07
2019,"Non-fatal occupational injuries among workers, per 100,000 workers",Males,All Migratory Statuses,"per 100,000 workers",1664.98
2020,"Non-fatal occupational injuries among workers, per 100,000 workers",Males,All Migratory Statuses,"per 100,000 workers",1237.88
2021,"Non-fatal occupational injuries among workers, per 100,000 workers",Males,All Migratory Statuses,"per 100,000 workers",1208.94
2022,"Non-fatal occupational injuries among workers, per 100,000 workers",Males,All Migratory Statuses,"per 100,000 workers",1133.42
2023,"Non-fatal occupational injuries among workers, per 100,000 workers",Males,All Migratory Statuses,"per 100,000 workers",937.23
2016,"Non-fatal occupational injuries among workers, per 100,000 workers",Both Sexes,Migrants,"per 100,000 workers",1088.72
2017,"Non-fatal occupational injuries among workers, per 100,000 workers",Both Sexes,Migrants,"per 100,000 workers",941.45
2018,"Non-fatal occupational injuries among workers, per 100,000 workers",Both Sexes,Migrants,"per 100,000 workers",1045.88
2019,"Non-fatal occupational injuries among workers, per 100,000 workers",Both Sexes,Migrants,"per 100,000 workers",1021.15
2020,"Non-fatal occupational injuries among workers, per 100,000 workers",Both Sexes,Migrants,"per 100,000 workers",744.85
2021,"Non-fatal occupational injuries among workers, per 100,000 workers",Both Sexes,Migrants,"per 100,000 workers",762.03
2022,"Non-fatal occupational injuries among workers, per 100,000 workers",Both Sexes,Migrants,"per 100,000 workers",698.35
2023,"Non-fatal occupational injuries among workers, per 100,000 workers",Both Sexes,Migrants,"per 100,000 workers",549.56
2016,"Non-fatal occupational injuries among workers, per 100,000 workers",Females,Migrants,"per 100,000 workers",705.04
2017,"Non-fatal occupational injuries among workers, per 100,000 workers",Females,Migrants,"per 100,000 workers",388.16
2018,"Non-fatal occupational injuries among workers, per 100,000 workers",Females,Migrants,"per 100,000 workers",402.76
2019,"Non-fatal occupational injuries among workers, per 100,000 workers",Females,Migrants,"per 100,000 workers",532.54
2020,"Non-fatal occupational injuries among workers, per 100,000 workers",Females,Migrants,"per 100,000 workers",231.35
2021,"Non-fatal occupational injuries among workers, per 100,000 workers",Females,Migrants,"per 100,000 workers",354.84
2022,"Non-fatal occupational injuries among workers, per 100,000 workers",Females,Migrants,"per 100,000 workers",284.65
2023,"Non-fatal occupational injuries among workers, per 100,000 workers",Females,Migrants,"per 100,000 workers",260.83
2016,"Non-fatal occupational injuries among workers, per 100,000 workers",Males,Migrants,"per 100,000 workers",1314.82
2017,"Non-fatal occupational injuries among workers, per 100,000 workers",Males,Migrants,"per 100,000 workers",1313.35
2018,"Non-fatal occupational injuries among workers, per 100,000 workers",Males,Migrants,"per 100,000 workers",1612.08
2019,"Non-fatal occupational injuries among workers, per 100,000 workers",Males,Migrants,"per 100,000 workers",1390.35
2020,"Non-fatal occupational injuries among workers, per 100,000 workers",Males,Migrants,"per 100,000 workers",1150.46
2021,"Non-fatal occupational injuries among workers, per 100,000 workers",Males,Migrants,"per 100,000 workers",1073.38
2022,"Non-fatal occupational injuries among workers, per 100,000 workers",Males,Migrants,"per 100,000 workers",1008.84
2023,"Non-fatal occupational injuries among workers, per 100,000 workers",Males,Migrants,"per 100,000 workers",723.06
2016,"Non-fatal occupational injuries among workers, per 100,000 workers",Both Sexes,Non-Migrant,"per 100,000 workers",1624.95
2017,"Non-fatal occupational injuries among workers, per 100,000 workers",Both Sexes,Non-Migrant,"per 100,000 workers",1547.01
2018,"Non-fatal occupational injuries among workers, per 100,000 workers",Both Sexes,Non-Migrant,"per 100,000 workers",1464.38
2019,"Non-fatal occupational injuries among workers, per 100,000 workers",Both Sexes,Non-Migrant,"per 100,000 workers",1384.41
2020,"Non-fatal occupational injuries among workers, per 100,000 workers",Both Sexes,Non-Migrant,"per 100,000 workers",958.12
2021,"Non-fatal occupational injuries among workers, per 100,000 workers",Both Sexes,Non-Migrant,"per 100,000 workers",968.18
2022,"Non-fatal occupational injuries among workers, per 100,000 workers",Both Sexes,Non-Migrant,"per 100,000 workers",907.93
2023,"Non-fatal occupational injuries among workers, per 100,000 workers",Both Sexes,Non-Migrant,"per 100,000 workers",818.1
2016,"Non-fatal occupational injuries among workers, per 100,000 workers",Females,Non-Migrant,"per 100,000 workers",831.46
2017,"Non-fatal occupational injuries among workers, per 100,000 workers",Females,Non-Migrant,"per 100,000 workers",796.17
2018,"Non-fatal occupational injuries among workers, per 100,000 workers",Females,Non-Migrant,"per 100,000 workers",766.74
2019,"Non-fatal occupational injuries among workers, per 100,000 workers",Females,Non-Migrant,"per 100,000 workers",799.92
2020,"Non-fatal occupational injuries among workers, per 100,000 workers",Females,Non-Migrant,"per 100,000 workers",473.15
2021,"Non-fatal occupational injuries among workers, per 100,000 workers",Females,Non-Migrant,"per 100,000 workers",526.52
2022,"Non-fatal occupational injuries among workers, per 100,000 workers",Females,Non-Migrant,"per 100,000 workers",502.32
2023,"Non-fatal occupational injuries among workers, per 100,000 workers",Females,Non-Migrant,"per 100,000 workers",481.92
2016,"Non-fatal occupational injuries among workers, per 100,000 workers",Males,Non-Migrant,"per 100,000 workers",2149.92
2017,"Non-fatal occupational injuries among workers, per 100,000 workers",Males,Non-Migrant,"per 100,000 workers",2045.05
2018,"Non-fatal occupational injuries among workers, per 100,000 workers",Males,Non-Migrant,"per 100,000 workers",1903.6
2019,"Non-fatal occupational injuries among workers, per 100,000 workers",Males,Non-Migrant,"per 100,000 workers",1750.26
2020,"Non-fatal occupational injuries among workers, per 100,000 workers",Males,Non-Migrant,"per 100,000 workers",1267.33
2021,"Non-fatal occupational injuries among workers, per 100,000 workers",Males,Non-Migrant,"per 100,000 workers",1258.02
2022,"Non-fatal occupational injuries among workers, per 100,000 workers",Males,Non-Migrant,"per 100,000 workers",1187.87
2023,"Non-fatal occupational injuries among workers, per 100,000 workers",Males,Non-Migrant,"per 100,000 workers",1066.5
