Year,Series,Migratory Status,Sex,Value
2010,"Fatal occupational injuries among employees, by sex and migrant status (per 100,000 employees)",All Migratory Statuses,Both Sexes,4.87
2010,"Fatal occupational injuries among employees, by sex and migrant status (per 100,000 employees)",EU Migrants,Females,0.0
2016,"Fatal occupational injuries among employees, by sex and migrant status (per 100,000 employees)",Migrants,Both Sexes,16.47
2010,"Fatal occupational injuries among employees, by sex and migrant status (per 100,000 employees)",Non-EU Migrants,Both Sexes,0.0
2010,"Fatal occupational injuries among employees, by sex and migrant status (per 100,000 employees)",Non-Migrant,Males,7.59
2010,"Fatal occupational injuries among employees, by sex and migrant status (per 100,000 employees)",Non-Migrant,Both Sexes,5.04
2010,"Fatal occupational injuries among employees, by sex and migrant status (per 100,000 employees)",All Migratory Statuses,Males,7.39
2010,"Fatal occupational injuries among employees, by sex and migrant status (per 100,000 employees)",EU Migrants,Both Sexes,0.0
2010,"Fatal occupational injuries among employees, by sex and migrant status (per 100,000 employees)",Non-Migrant,Females,0.0
2010,"Fatal occupational injuries among employees, by sex and migrant status (per 100,000 employees)",EU Migrants,Males,0.0
2010,"Fatal occupational injuries among employees, by sex and migrant status (per 100,000 employees)",All Migratory Statuses,Females,0.0
2010,"Fatal occupational injuries among employees, by sex and migrant status (per 100,000 employees)",Non-EU Migrants,Males,0.0
2010,"Fatal occupational injuries among employees, by sex and migrant status (per 100,000 employees)",Non-EU Migrants,Females,0.0
2011,"Fatal occupational injuries among employees, by sex and migrant status (per 100,000 employees)",All Migratory Statuses,Both Sexes,1.19
2011,"Fatal occupational injuries among employees, by sex and migrant status (per 100,000 employees)",EU Migrants,Both Sexes,0.0
2011,"Fatal occupational injuries among employees, by sex and migrant status (per 100,000 employees)",Non-Migrant,Both Sexes,1.22
2011,"Fatal occupational injuries among employees, by sex and migrant status (per 100,000 employees)",Non-EU Migrants,Both Sexes,0.0
2011,"Fatal occupational injuries among employees, by sex and migrant status (per 100,000 employees)",All Migratory Statuses,Males,1.81
2011,"Fatal occupational injuries among employees, by sex and migrant status (per 100,000 employees)",Non-Migrant,Males,1.85
2011,"Fatal occupational injuries among employees, by sex and migrant status (per 100,000 employees)",Non-EU Migrants,Females,0.0
2011,"Fatal occupational injuries among employees, by sex and migrant status (per 100,000 employees)",Non-EU Migrants,Males,0.0
2011,"Fatal occupational injuries among employees, by sex and migrant status (per 100,000 employees)",All Migratory Statuses,Females,0.0
2011,"Fatal occupational injuries among employees, by sex and migrant status (per 100,000 employees)",Non-Migrant,Females,0.0
2012,"Fatal occupational injuries among employees, by sex and migrant status (per 100,000 employees)",Non-Migrant,Females,0.0
2012,"Fatal occupational injuries among employees, by sex and migrant status (per 100,000 employees)",Non-EU Migrants,Both Sexes,28.73
2012,"Fatal occupational injuries among employees, by sex and migrant status (per 100,000 employees)",Non-EU Migrants,Males,42.16
2012,"Fatal occupational injuries among employees, by sex and migrant status (per 100,000 employees)",Non-Migrant,Males,5.39
2012,"Fatal occupational injuries among employees, by sex and migrant status (per 100,000 employees)",All Migratory Statuses,Females,0.0
2012,"Fatal occupational injuries among employees, by sex and migrant status (per 100,000 employees)",All Migratory Statuses,Males,9.04
2012,"Fatal occupational injuries among employees, by sex and migrant status (per 100,000 employees)",EU Migrants,Males,313.48
2012,"Fatal occupational injuries among employees, by sex and migrant status (per 100,000 employees)",Non-EU Migrants,Females,0.0
2012,"Fatal occupational injuries among employees, by sex and migrant status (per 100,000 employees)",Non-Migrant,Both Sexes,3.52
2012,"Fatal occupational injuries among employees, by sex and migrant status (per 100,000 employees)",EU Migrants,Both Sexes,252.21
2012,"Fatal occupational injuries among employees, by sex and migrant status (per 100,000 employees)",All Migratory Statuses,Both Sexes,5.9
2013,"Fatal occupational injuries among employees, by sex and migrant status (per 100,000 employees)",Non-Migrant,Males,3.95
2013,"Fatal occupational injuries among employees, by sex and migrant status (per 100,000 employees)",EU Migrants,Males,0.0
2013,"Fatal occupational injuries among employees, by sex and migrant status (per 100,000 employees)",Non-EU Migrants,Males,0.0
2013,"Fatal occupational injuries among employees, by sex and migrant status (per 100,000 employees)",Non-EU Migrants,Both Sexes,0.0
2013,"Fatal occupational injuries among employees, by sex and migrant status (per 100,000 employees)",EU Migrants,Females,0.0
2013,"Fatal occupational injuries among employees, by sex and migrant status (per 100,000 employees)",Non-Migrant,Females,0.0
2013,"Fatal occupational injuries among employees, by sex and migrant status (per 100,000 employees)",All Migratory Statuses,Both Sexes,2.27
2013,"Fatal occupational injuries among employees, by sex and migrant status (per 100,000 employees)",EU Migrants,Both Sexes,0.0
2013,"Fatal occupational injuries among employees, by sex and migrant status (per 100,000 employees)",Non-Migrant,Both Sexes,2.49
2013,"Fatal occupational injuries among employees, by sex and migrant status (per 100,000 employees)",Non-EU Migrants,Females,0.0
2013,"Fatal occupational injuries among employees, by sex and migrant status (per 100,000 employees)",All Migratory Statuses,Males,3.65
2013,"Fatal occupational injuries among employees, by sex and migrant status (per 100,000 employees)",All Migratory Statuses,Females,0.0
2014,"Fatal occupational injuries among employees, by sex and migrant status (per 100,000 employees)",EU Migrants,Males,0.0
2014,"Fatal occupational injuries among employees, by sex and migrant status (per 100,000 employees)",EU Migrants,Females,0.0
2014,"Fatal occupational injuries among employees, by sex and migrant status (per 100,000 employees)",All Migratory Statuses,Both Sexes,2.2
2014,"Fatal occupational injuries among employees, by sex and migrant status (per 100,000 employees)",Non-EU Migrants,Both Sexes,29.15
2014,"Fatal occupational injuries among employees, by sex and migrant status (per 100,000 employees)",Non-Migrant,Females,0.0
2014,"Fatal occupational injuries among employees, by sex and migrant status (per 100,000 employees)",Non-EU Migrants,Males,49.55
2014,"Fatal occupational injuries among employees, by sex and migrant status (per 100,000 employees)",All Migratory Statuses,Females,0.0
2014,"Fatal occupational injuries among employees, by sex and migrant status (per 100,000 employees)",Non-Migrant,Males,1.97
2014,"Fatal occupational injuries among employees, by sex and migrant status (per 100,000 employees)",All Migratory Statuses,Males,3.58
2014,"Fatal occupational injuries among employees, by sex and migrant status (per 100,000 employees)",Non-EU Migrants,Females,0.0
2014,"Fatal occupational injuries among employees, by sex and migrant status (per 100,000 employees)",Non-Migrant,Both Sexes,1.23
2014,"Fatal occupational injuries among employees, by sex and migrant status (per 100,000 employees)",EU Migrants,Both Sexes,0.0
2015,"Fatal occupational injuries among employees, by sex and migrant status (per 100,000 employees)",All Migratory Statuses,Both Sexes,2.69
2015,"Fatal occupational injuries among employees, by sex and migrant status (per 100,000 employees)",Non-Migrant,Both Sexes,3.07
2015,"Fatal occupational injuries among employees, by sex and migrant status (per 100,000 employees)",EU Migrants,Both Sexes,0.0
2015,"Fatal occupational injuries among employees, by sex and migrant status (per 100,000 employees)",Non-EU Migrants,Females,0.0
2015,"Fatal occupational injuries among employees, by sex and migrant status (per 100,000 employees)",All Migratory Statuses,Males,4.39
2015,"Fatal occupational injuries among employees, by sex and migrant status (per 100,000 employees)",Non-Migrant,Males,4.98
2015,"Fatal occupational injuries among employees, by sex and migrant status (per 100,000 employees)",EU Migrants,Females,0.0
2015,"Fatal occupational injuries among employees, by sex and migrant status (per 100,000 employees)",All Migratory Statuses,Females,0.0
2015,"Fatal occupational injuries among employees, by sex and migrant status (per 100,000 employees)",Non-EU Migrants,Males,0.0
2015,"Fatal occupational injuries among employees, by sex and migrant status (per 100,000 employees)",EU Migrants,Males,0.0
2015,"Fatal occupational injuries among employees, by sex and migrant status (per 100,000 employees)",Non-Migrant,Females,0.0
2015,"Fatal occupational injuries among employees, by sex and migrant status (per 100,000 employees)",Non-EU Migrants,Both Sexes,0.0
2016,"Fatal occupational injuries among employees, by sex and migrant status (per 100,000 employees)",Non-Migrant,Males,1.87
2016,"Fatal occupational injuries among employees, by sex and migrant status (per 100,000 employees)",All Migratory Statuses,Males,5.55
2016,"Fatal occupational injuries among employees, by sex and migrant status (per 100,000 employees)",Non-Migrant,Both Sexes,1.12
2016,"Fatal occupational injuries among employees, by sex and migrant status (per 100,000 employees)",All Migratory Statuses,Both Sexes,3.36
2016,"Fatal occupational injuries among employees, by sex and migrant status (per 100,000 employees)",Non-Migrant,Females,0.0
2016,"Fatal occupational injuries among employees, by sex and migrant status (per 100,000 employees)",Migrants,Females,0.0
2016,"Fatal occupational injuries among employees, by sex and migrant status (per 100,000 employees)",All Migratory Statuses,Females,0.0
2016,"Fatal occupational injuries among employees, by sex and migrant status (per 100,000 employees)",Migrants,Males,26.11
2017,"Fatal occupational injuries among employees, by sex and migrant status (per 100,000 employees)",All Migratory Statuses,Both Sexes,0.45
2017,"Fatal occupational injuries among employees, by sex and migrant status (per 100,000 employees)",Migrants,Both Sexes,0.0
2017,"Fatal occupational injuries among employees, by sex and migrant status (per 100,000 employees)",Non-Migrant,Both Sexes,0.55
2017,"Fatal occupational injuries among employees, by sex and migrant status (per 100,000 employees)",All Migratory Statuses,Males,0.76
2017,"Fatal occupational injuries among employees, by sex and migrant status (per 100,000 employees)",Non-Migrant,Males,0.91
2017,"Fatal occupational injuries among employees, by sex and migrant status (per 100,000 employees)",Migrants,Males,0.0
2017,"Fatal occupational injuries among employees, by sex and migrant status (per 100,000 employees)",All Migratory Statuses,Females,0.0
2017,"Fatal occupational injuries among employees, by sex and migrant status (per 100,000 employees)",Migrants,Females,0.0
2017,"Fatal occupational injuries among employees, by sex and migrant status (per 100,000 employees)",Non-Migrant,Females,0.0
2018,"Fatal occupational injuries among employees, by sex and migrant status (per 100,000 employees)",Migrants,Males,11.64
2018,"Fatal occupational injuries among employees, by sex and migrant status (per 100,000 employees)",Non-Migrant,Males,0.86
2018,"Fatal occupational injuries among employees, by sex and migrant status (per 100,000 employees)",All Migratory Statuses,Males,2.82
2018,"Fatal occupational injuries among employees, by sex and migrant status (per 100,000 employees)",Non-Migrant,Both Sexes,0.53
2018,"Fatal occupational injuries among employees, by sex and migrant status (per 100,000 employees)",Migrants,Both Sexes,6.12
2018,"Fatal occupational injuries among employees, by sex and migrant status (per 100,000 employees)",All Migratory Statuses,Both Sexes,1.68
2018,"Fatal occupational injuries among employees, by sex and migrant status (per 100,000 employees)",Non-Migrant,Females,0.0
2018,"Fatal occupational injuries among employees, by sex and migrant status (per 100,000 employees)",All Migratory Statuses,Females,0.0
2018,"Fatal occupational injuries among employees, by sex and migrant status (per 100,000 employees)",Migrants,Females,0.0
2019,"Fatal occupational injuries among employees, by sex and migrant status (per 100,000 employees)",All Migratory Statuses,Both Sexes,1.18
2019,"Fatal occupational injuries among employees, by sex and migrant status (per 100,000 employees)",Non-Migrant,Both Sexes,0.52
2019,"Fatal occupational injuries among employees, by sex and migrant status (per 100,000 employees)",Migrants,Both Sexes,3.27
2019,"Fatal occupational injuries among employees, by sex and migrant status (per 100,000 employees)",All Migratory Statuses,Males,1.97
2019,"Fatal occupational injuries among employees, by sex and migrant status (per 100,000 employees)",Non-Migrant,Males,0.84
2019,"Fatal occupational injuries among employees, by sex and migrant status (per 100,000 employees)",Migrants,Males,5.9
2019,"Fatal occupational injuries among employees, by sex and migrant status (per 100,000 employees)",Migrants,Females,0.0
2019,"Fatal occupational injuries among employees, by sex and migrant status (per 100,000 employees)",All Migratory Statuses,Females,0.0
2019,"Fatal occupational injuries among employees, by sex and migrant status (per 100,000 employees)",Non-Migrant,Females,0.0
2020,"Fatal occupational injuries among employees, by sex and migrant status (per 100,000 employees)",Migrants,Females,0.0
2020,"Fatal occupational injuries among employees, by sex and migrant status (per 100,000 employees)",Migrants,Males,7.84
2020,"Fatal occupational injuries among employees, by sex and migrant status (per 100,000 employees)",Non-Migrant,Males,2.58
2020,"Fatal occupational injuries among employees, by sex and migrant status (per 100,000 employees)",All Migratory Statuses,Males,3.88
2020,"Fatal occupational injuries among employees, by sex and migrant status (per 100,000 employees)",Migrants,Both Sexes,4.38
2020,"Fatal occupational injuries among employees, by sex and migrant status (per 100,000 employees)",Non-Migrant,Both Sexes,2.08
2020,"Fatal occupational injuries among employees, by sex and migrant status (per 100,000 employees)",All Migratory Statuses,Both Sexes,2.68
2020,"Fatal occupational injuries among employees, by sex and migrant status (per 100,000 employees)",Non-Migrant,Females,1.31
2020,"Fatal occupational injuries among employees, by sex and migrant status (per 100,000 employees)",All Migratory Statuses,Females,0.94
2021,"Fatal occupational injuries among employees, by sex and migrant status (per 100,000 employees)",Non-Migrant,Both Sexes,1.53
2021,"Fatal occupational injuries among employees, by sex and migrant status (per 100,000 employees)",Migrants,Both Sexes,8.17
2021,"Fatal occupational injuries among employees, by sex and migrant status (per 100,000 employees)",All Migratory Statuses,Both Sexes,3.34
2021,"Fatal occupational injuries among employees, by sex and migrant status (per 100,000 employees)",All Migratory Statuses,Males,5.67
2021,"Fatal occupational injuries among employees, by sex and migrant status (per 100,000 employees)",Non-Migrant,Males,2.56
2021,"Fatal occupational injuries among employees, by sex and migrant status (per 100,000 employees)",Migrants,Males,14.5
2021,"Fatal occupational injuries among employees, by sex and migrant status (per 100,000 employees)",Migrants,Females,0.0
2021,"Fatal occupational injuries among employees, by sex and migrant status (per 100,000 employees)",All Migratory Statuses,Females,0.0
2021,"Fatal occupational injuries among employees, by sex and migrant status (per 100,000 employees)",Non-Migrant,Females,0.0
2010,"Non-fatal occupational injuries among employees, by sex and migrant status (per 100,000 employees)",Non-Migrant,Females,698.78
2010,"Non-fatal occupational injuries among employees, by sex and migrant status (per 100,000 employees)",EU Migrants,Both Sexes,2890.17
2010,"Non-fatal occupational injuries among employees, by sex and migrant status (per 100,000 employees)",All Migratory Statuses,Both Sexes,1645.42
2010,"Non-fatal occupational injuries among employees, by sex and migrant status (per 100,000 employees)",All Migratory Statuses,Females,680.02
2010,"Non-fatal occupational injuries among employees, by sex and migrant status (per 100,000 employees)",Non-EU Migrants,Both Sexes,1350.54
2010,"Non-fatal occupational injuries among employees, by sex and migrant status (per 100,000 employees)",Non-Migrant,Males,2133.92
2010,"Non-fatal occupational injuries among employees, by sex and migrant status (per 100,000 employees)",Non-EU Migrants,Males,2495.65
2010,"Non-fatal occupational injuries among employees, by sex and migrant status (per 100,000 employees)",EU Migrants,Males,4231.31
2010,"Non-fatal occupational injuries among employees, by sex and migrant status (per 100,000 employees)",All Migratory Statuses,Males,2145.4
2010,"Non-fatal occupational injuries among employees, by sex and migrant status (per 100,000 employees)",EU Migrants,Females,1250.0
2010,"Non-fatal occupational injuries among employees, by sex and migrant status (per 100,000 employees)",Non-EU Migrants,Females,117.44
2010,"Non-fatal occupational injuries among employees, by sex and migrant status (per 100,000 employees)",Non-Migrant,Both Sexes,1651.56
2011,"Non-fatal occupational injuries among employees, by sex and migrant status (per 100,000 employees)",Non-EU Migrants,Both Sexes,2011.7
2011,"Non-fatal occupational injuries among employees, by sex and migrant status (per 100,000 employees)",All Migratory Statuses,Females,599.08
2011,"Non-fatal occupational injuries among employees, by sex and migrant status (per 100,000 employees)",EU Migrants,Both Sexes,5271.83
2011,"Non-fatal occupational injuries among employees, by sex and migrant status (per 100,000 employees)",All Migratory Statuses,Both Sexes,1457.52
2011,"Non-fatal occupational injuries among employees, by sex and migrant status (per 100,000 employees)",Non-Migrant,Females,602.6
2011,"Non-fatal occupational injuries among employees, by sex and migrant status (per 100,000 employees)",Non-Migrant,Both Sexes,1444.1
2011,"Non-fatal occupational injuries among employees, by sex and migrant status (per 100,000 employees)",Non-EU Migrants,Females,333.33
2011,"Non-fatal occupational injuries among employees, by sex and migrant status (per 100,000 employees)",All Migratory Statuses,Males,1912.27
2011,"Non-fatal occupational injuries among employees, by sex and migrant status (per 100,000 employees)",Non-EU Migrants,Males,3337.7
2011,"Non-fatal occupational injuries among employees, by sex and migrant status (per 100,000 employees)",Non-Migrant,Males,1884.26
2012,"Non-fatal occupational injuries among employees, by sex and migrant status (per 100,000 employees)",Non-EU Migrants,Males,1243.68
2012,"Non-fatal occupational injuries among employees, by sex and migrant status (per 100,000 employees)",EU Migrants,Males,3134.8
2012,"Non-fatal occupational injuries among employees, by sex and migrant status (per 100,000 employees)",All Migratory Statuses,Males,2172.91
2012,"Non-fatal occupational injuries among employees, by sex and migrant status (per 100,000 employees)",Non-EU Migrants,Females,302.38
2012,"Non-fatal occupational injuries among employees, by sex and migrant status (per 100,000 employees)",Non-Migrant,Females,695.99
2012,"Non-fatal occupational injuries among employees, by sex and migrant status (per 100,000 employees)",EU Migrants,Both Sexes,4413.62
2012,"Non-fatal occupational injuries among employees, by sex and migrant status (per 100,000 employees)",All Migratory Statuses,Females,687.56
2012,"Non-fatal occupational injuries among employees, by sex and migrant status (per 100,000 employees)",Non-Migrant,Males,2248.11
2012,"Non-fatal occupational injuries among employees, by sex and migrant status (per 100,000 employees)",Non-EU Migrants,Both Sexes,948.14
2012,"Non-fatal occupational injuries among employees, by sex and migrant status (per 100,000 employees)",All Migratory Statuses,Both Sexes,1656.29
2012,"Non-fatal occupational injuries among employees, by sex and migrant status (per 100,000 employees)",Non-Migrant,Both Sexes,1708.49
2013,"Non-fatal occupational injuries among employees, by sex and migrant status (per 100,000 employees)",Non-EU Migrants,Females,322.19
2013,"Non-fatal occupational injuries among employees, by sex and migrant status (per 100,000 employees)",EU Migrants,Females,2792.32
2013,"Non-fatal occupational injuries among employees, by sex and migrant status (per 100,000 employees)",EU Migrants,Males,3230.89
2013,"Non-fatal occupational injuries among employees, by sex and migrant status (per 100,000 employees)",Non-EU Migrants,Males,1573.43
2013,"Non-fatal occupational injuries among employees, by sex and migrant status (per 100,000 employees)",Non-Migrant,Males,2037.04
2013,"Non-fatal occupational injuries among employees, by sex and migrant status (per 100,000 employees)",All Migratory Statuses,Males,1975.82
2013,"Non-fatal occupational injuries among employees, by sex and migrant status (per 100,000 employees)",Non-Migrant,Both Sexes,1540.77
2013,"Non-fatal occupational injuries among employees, by sex and migrant status (per 100,000 employees)",All Migratory Statuses,Both Sexes,1479.49
2013,"Non-fatal occupational injuries among employees, by sex and migrant status (per 100,000 employees)",Non-EU Migrants,Both Sexes,1094.33
2013,"Non-fatal occupational injuries among employees, by sex and migrant status (per 100,000 employees)",EU Migrants,Both Sexes,2944.21
2013,"Non-fatal occupational injuries among employees, by sex and migrant status (per 100,000 employees)",Non-Migrant,Females,695.08
2013,"Non-fatal occupational injuries among employees, by sex and migrant status (per 100,000 employees)",All Migratory Statuses,Females,659.16
2014,"Non-fatal occupational injuries among employees, by sex and migrant status (per 100,000 employees)",Non-Migrant,Males,2060.24
2014,"Non-fatal occupational injuries among employees, by sex and migrant status (per 100,000 employees)",All Migratory Statuses,Both Sexes,1449.11
2014,"Non-fatal occupational injuries among employees, by sex and migrant status (per 100,000 employees)",Non-Migrant,Both Sexes,1511.64
2014,"Non-fatal occupational injuries among employees, by sex and migrant status (per 100,000 employees)",All Migratory Statuses,Males,1998.68
2014,"Non-fatal occupational injuries among employees, by sex and migrant status (per 100,000 employees)",Non-EU Migrants,Males,2229.93
2014,"Non-fatal occupational injuries among employees, by sex and migrant status (per 100,000 employees)",EU Migrants,Males,4089.22
2014,"Non-fatal occupational injuries among employees, by sex and migrant status (per 100,000 employees)",EU Migrants,Females,1645.69
2014,"Non-fatal occupational injuries among employees, by sex and migrant status (per 100,000 employees)",Non-EU Migrants,Females,390.21
2014,"Non-fatal occupational injuries among employees, by sex and migrant status (per 100,000 employees)",All Migratory Statuses,Females,568.57
2014,"Non-fatal occupational injuries among employees, by sex and migrant status (per 100,000 employees)",Non-Migrant,Females,602.23
2014,"Non-fatal occupational injuries among employees, by sex and migrant status (per 100,000 employees)",EU Migrants,Both Sexes,2906.74
2014,"Non-fatal occupational injuries among employees, by sex and migrant status (per 100,000 employees)",Non-EU Migrants,Both Sexes,1472.3
2015,"Non-fatal occupational injuries among employees, by sex and migrant status (per 100,000 employees)",Non-EU Migrants,Both Sexes,917.0
2015,"Non-fatal occupational injuries among employees, by sex and migrant status (per 100,000 employees)",Non-Migrant,Both Sexes,1304.72
2015,"Non-fatal occupational injuries among employees, by sex and migrant status (per 100,000 employees)",All Migratory Statuses,Females,511.4
2015,"Non-fatal occupational injuries among employees, by sex and migrant status (per 100,000 employees)",All Migratory Statuses,Both Sexes,1230.78
2015,"Non-fatal occupational injuries among employees, by sex and migrant status (per 100,000 employees)",EU Migrants,Females,1134.93
2015,"Non-fatal occupational injuries among employees, by sex and migrant status (per 100,000 employees)",EU Migrants,Both Sexes,1493.6
2015,"Non-fatal occupational injuries among employees, by sex and migrant status (per 100,000 employees)",Non-Migrant,Males,1785.52
2015,"Non-fatal occupational injuries among employees, by sex and migrant status (per 100,000 employees)",Non-Migrant,Females,536.52
2015,"Non-fatal occupational injuries among employees, by sex and migrant status (per 100,000 employees)",Non-EU Migrants,Females,357.23
2015,"Non-fatal occupational injuries among employees, by sex and migrant status (per 100,000 employees)",EU Migrants,Males,1709.73
2015,"Non-fatal occupational injuries among employees, by sex and migrant status (per 100,000 employees)",Non-EU Migrants,Males,1241.13
2015,"Non-fatal occupational injuries among employees, by sex and migrant status (per 100,000 employees)",All Migratory Statuses,Males,1685.11
2016,"Non-fatal occupational injuries among employees, by sex and migrant status (per 100,000 employees)",Non-Migrant,Males,2152.0
2016,"Non-fatal occupational injuries among employees, by sex and migrant status (per 100,000 employees)",All Migratory Statuses,Females,814.0
2016,"Non-fatal occupational injuries among employees, by sex and migrant status (per 100,000 employees)",Migrants,Females,705.0
2016,"Non-fatal occupational injuries among employees, by sex and migrant status (per 100,000 employees)",Non-Migrant,Both Sexes,1626.0
2016,"Non-fatal occupational injuries among employees, by sex and migrant status (per 100,000 employees)",Migrants,Both Sexes,1083.0
2016,"Non-fatal occupational injuries among employees, by sex and migrant status (per 100,000 employees)",All Migratory Statuses,Both Sexes,1547.0
2016,"Non-fatal occupational injuries among employees, by sex and migrant status (per 100,000 employees)",Non-Migrant,Females,831.0
2016,"Non-fatal occupational injuries among employees, by sex and migrant status (per 100,000 employees)",All Migratory Statuses,Males,2023.0
2016,"Non-fatal occupational injuries among employees, by sex and migrant status (per 100,000 employees)",Migrants,Males,1305.0
2017,"Non-fatal occupational injuries among employees, by sex and migrant status (per 100,000 employees)",All Migratory Statuses,Both Sexes,1443.0
2017,"Non-fatal occupational injuries among employees, by sex and migrant status (per 100,000 employees)",Migrants,Both Sexes,941.0
2017,"Non-fatal occupational injuries among employees, by sex and migrant status (per 100,000 employees)",Non-Migrant,Both Sexes,1547.0
2017,"Non-fatal occupational injuries among employees, by sex and migrant status (per 100,000 employees)",All Migratory Statuses,Females,725.0
2017,"Non-fatal occupational injuries among employees, by sex and migrant status (per 100,000 employees)",Migrants,Females,388.0
2017,"Non-fatal occupational injuries among employees, by sex and migrant status (per 100,000 employees)",Non-Migrant,Females,796.0
2017,"Non-fatal occupational injuries among employees, by sex and migrant status (per 100,000 employees)",Non-Migrant,Males,2045.0
2017,"Non-fatal occupational injuries among employees, by sex and migrant status (per 100,000 employees)",All Migratory Statuses,Males,1920.0
2017,"Non-fatal occupational injuries among employees, by sex and migrant status (per 100,000 employees)",Migrants,Males,1313.0
2018,"Non-fatal occupational injuries among employees, by sex and migrant status (per 100,000 employees)",Non-Migrant,Females,747.0
2018,"Non-fatal occupational injuries among employees, by sex and migrant status (per 100,000 employees)",All Migratory Statuses,Males,1837.0
2018,"Non-fatal occupational injuries among employees, by sex and migrant status (per 100,000 employees)",Migrants,Males,1710.0
2018,"Non-fatal occupational injuries among employees, by sex and migrant status (per 100,000 employees)",Non-Migrant,Males,1865.0
2018,"Non-fatal occupational injuries among employees, by sex and migrant status (per 100,000 employees)",All Migratory Statuses,Females,668.0
2018,"Non-fatal occupational injuries among employees, by sex and migrant status (per 100,000 employees)",Migrants,Females,417.0
2018,"Non-fatal occupational injuries among employees, by sex and migrant status (per 100,000 employees)",Non-Migrant,Both Sexes,1432.0
2018,"Non-fatal occupational injuries among employees, by sex and migrant status (per 100,000 employees)",Migrants,Both Sexes,1098.0
2018,"Non-fatal occupational injuries among employees, by sex and migrant status (per 100,000 employees)",All Migratory Statuses,Both Sexes,1363.0
2019,"Non-fatal occupational injuries among employees, by sex and migrant status (per 100,000 employees)",Migrants,Males,1474.0
2019,"Non-fatal occupational injuries among employees, by sex and migrant status (per 100,000 employees)",All Migratory Statuses,Males,1662.0
2019,"Non-fatal occupational injuries among employees, by sex and migrant status (per 100,000 employees)",All Migratory Statuses,Both Sexes,1278.0
2019,"Non-fatal occupational injuries among employees, by sex and migrant status (per 100,000 employees)",Migrants,Both Sexes,1053.0
2019,"Non-fatal occupational injuries among employees, by sex and migrant status (per 100,000 employees)",Migrants,Females,531.0
2019,"Non-fatal occupational injuries among employees, by sex and migrant status (per 100,000 employees)",All Migratory Statuses,Females,708.0
2019,"Non-fatal occupational injuries among employees, by sex and migrant status (per 100,000 employees)",Non-Migrant,Both Sexes,1349.0
2019,"Non-fatal occupational injuries among employees, by sex and migrant status (per 100,000 employees)",Non-Migrant,Males,1715.0
2019,"Non-fatal occupational injuries among employees, by sex and migrant status (per 100,000 employees)",Non-Migrant,Females,772.0
2020,"Non-fatal occupational injuries among employees, by sex and migrant status (per 100,000 employees)",All Migratory Statuses,Males,1235.0
2020,"Non-fatal occupational injuries among employees, by sex and migrant status (per 100,000 employees)",Migrants,Males,1168.0
2020,"Non-fatal occupational injuries among employees, by sex and migrant status (per 100,000 employees)",Non-Migrant,Females,456.0
2020,"Non-fatal occupational injuries among employees, by sex and migrant status (per 100,000 employees)",Non-Migrant,Males,1257.0
2020,"Non-fatal occupational injuries among employees, by sex and migrant status (per 100,000 employees)",All Migratory Statuses,Females,393.0
2020,"Non-fatal occupational injuries among employees, by sex and migrant status (per 100,000 employees)",Migrants,Females,234.0
2020,"Non-fatal occupational injuries among employees, by sex and migrant status (per 100,000 employees)",Non-Migrant,Both Sexes,939.0
2020,"Non-fatal occupational injuries among employees, by sex and migrant status (per 100,000 employees)",All Migratory Statuses,Both Sexes,891.0
2020,"Non-fatal occupational injuries among employees, by sex and migrant status (per 100,000 employees)",Migrants,Both Sexes,756.0
2021,"Non-fatal occupational injuries among employees, by sex and migrant status (per 100,000 employees)",Non-Migrant,Males,1203.0
2021,"Non-fatal occupational injuries among employees, by sex and migrant status (per 100,000 employees)",Non-Migrant,Females,492.0
2021,"Non-fatal occupational injuries among employees, by sex and migrant status (per 100,000 employees)",Migrants,Males,1020.0
2021,"Non-fatal occupational injuries among employees, by sex and migrant status (per 100,000 employees)",All Migratory Statuses,Males,1155.0
2021,"Non-fatal occupational injuries among employees, by sex and migrant status (per 100,000 employees)",Migrants,Both Sexes,716.0
2021,"Non-fatal occupational injuries among employees, by sex and migrant status (per 100,000 employees)",All Migratory Statuses,Both Sexes,863.0
2021,"Non-fatal occupational injuries among employees, by sex and migrant status (per 100,000 employees)",All Migratory Statuses,Females,444.0
2021,"Non-fatal occupational injuries among employees, by sex and migrant status (per 100,000 employees)",Migrants,Females,325.0
2021,"Non-fatal occupational injuries among employees, by sex and migrant status (per 100,000 employees)",Non-Migrant,Both Sexes,917.0
2022,"Fatal occupational injuries among employees, by sex and migrant status (per 100,000 employees)",Non-Migrant,Both Sexes,2.7
2022,"Fatal occupational injuries among employees, by sex and migrant status (per 100,000 employees)",All Migratory Statuses,Both Sexes,3.3
2022,"Fatal occupational injuries among employees, by sex and migrant status (per 100,000 employees)",Migrants,Both Sexes,5.1
2022,"Fatal occupational injuries among employees, by sex and migrant status (per 100,000 employees)",Migrants,Females,0.0
2022,"Fatal occupational injuries among employees, by sex and migrant status (per 100,000 employees)",All Migratory Statuses,Females,0.0
2022,"Fatal occupational injuries among employees, by sex and migrant status (per 100,000 employees)",Non-Migrant,Females,0.0
2022,"Fatal occupational injuries among employees, by sex and migrant status (per 100,000 employees)",All Migratory Statuses,Males,6.3
2022,"Fatal occupational injuries among employees, by sex and migrant status (per 100,000 employees)",Non-Migrant,Males,5.1
2022,"Fatal occupational injuries among employees, by sex and migrant status (per 100,000 employees)",Migrants,Males,9.4
2022,"Non-fatal occupational injuries among employees, by sex and migrant status (per 100,000 employees)",Migrants,Females,202.0
2022,"Non-fatal occupational injuries among employees, by sex and migrant status (per 100,000 employees)",All Migratory Statuses,Females,236.0
2022,"Non-fatal occupational injuries among employees, by sex and migrant status (per 100,000 employees)",Non-Migrant,Both Sexes,524.0
2022,"Non-fatal occupational injuries among employees, by sex and migrant status (per 100,000 employees)",Non-Migrant,Males,780.0
2022,"Non-fatal occupational injuries among employees, by sex and migrant status (per 100,000 employees)",Migrants,Both Sexes,528.0
2022,"Non-fatal occupational injuries among employees, by sex and migrant status (per 100,000 employees)",All Migratory Statuses,Both Sexes,525.0
2022,"Non-fatal occupational injuries among employees, by sex and migrant status (per 100,000 employees)",All Migratory Statuses,Males,786.0
2022,"Non-fatal occupational injuries among employees, by sex and migrant status (per 100,000 employees)",Non-Migrant,Females,247.0
2022,"Non-fatal occupational injuries among employees, by sex and migrant status (per 100,000 employees)",Migrants,Males,803.0
